trace,D,replication,start_inst,total_cycles,exec_time_ms,pct_int,pct_fp,pct_branch,pct_load,pct_store
compute_fp_1,1,1,1,1317872,1.31787,25.7445,28.8089,25.7444,19.7022,0
compute_fp_1,1,2,5000000,1316938,1.31694,25.7059,28.8705,25.7056,19.718,0
compute_fp_1,1,3,10000000,1311129,1.31113,25.4635,29.2584,25.4635,19.8146,0
compute_fp_1,1,4,15000000,808243,0.808243,19.5213,25.7144,3.2817,38.6254,12.8572
compute_fp_1,1,5,20000000,807809,0.807809,19.4822,25.736,3.2683,38.6455,12.868
compute_fp_1,1,6,25000000,807575,0.807575,19.46,25.7477,3.2615,38.6569,12.8739
compute_fp_1,2,1,1,1605961,1.3383,25.7445,28.8089,25.7444,19.7022,0
compute_fp_1,2,2,5000000,1605643,1.33804,25.7059,28.8705,25.7056,19.718,0
compute_fp_1,2,3,10000000,1603713,1.33643,25.4635,29.2584,25.4635,19.8146,0
compute_fp_1,2,4,15000000,936815,0.780679,19.5213,25.7144,3.2817,38.6254,12.8572
compute_fp_1,2,5,20000000,936490,0.780408,19.4822,25.736,3.2683,38.6455,12.868
compute_fp_1,2,6,25000000,936314,0.780262,19.46,25.7477,3.2615,38.6569,12.8739
compute_fp_1,3,1,1,1711916,1.00701,25.7445,28.8089,25.7444,19.7022,0
compute_fp_1,3,2,5000000,1711290,1.00664,25.7059,28.8705,25.7056,19.718,0
compute_fp_1,3,3,10000000,1707421,1.00437,25.4635,29.2584,25.4635,19.8146,0
compute_fp_1,3,4,15000000,1516161,0.891859,19.5213,25.7144,3.2817,38.6254,12.8572
compute_fp_1,3,5,20000000,1516148,0.891852,19.4822,25.736,3.2683,38.6455,12.868
compute_fp_1,3,6,25000000,1516151,0.891854,19.46,25.7477,3.2615,38.6569,12.8739
compute_fp_1,4,1,1,1908939,1.06052,25.7445,28.8089,25.7444,19.7022,0
compute_fp_1,4,2,5000000,1908465,1.06026,25.7059,28.8705,25.7056,19.718,0
compute_fp_1,4,3,10000000,1905567,1.05865,25.4635,29.2584,25.4635,19.8146,0
compute_fp_1,4,4,15000000,1644733,0.913741,19.5213,25.7144,3.2817,38.6254,12.8572
compute_fp_1,4,5,20000000,1644828,0.913793,19.4822,25.736,3.2683,38.6455,12.868
compute_fp_1,4,6,25000000,1644890,0.913828,19.46,25.7477,3.2615,38.6569,12.8739
compute_int_0,1,1,1,1031494,1.03149,53.2393,0.8778,3.3183,27.0201,15.5445
compute_int_0,1,2,5000000,1044901,1.0449,52.7243,2.8805,4.4473,25.5281,14.4198
compute_int_0,1,3,10000000,1031496,1.0315,53.2393,0.8778,3.3184,27.02,15.5445
compute_int_0,1,4,15000000,1031501,1.0315,53.2397,0.8778,3.3183,27.0196,15.5446
compute_int_0,1,5,20000000,1031495,1.0315,53.2393,0.8778,3.3184,27.0201,15.5444
compute_int_0,1,6,25000000,1031496,1.0315,53.244,0.8721,3.3174,27.0199,15.5466
compute_int_0,2,1,1,1040118,0.866765,53.2393,0.8778,3.3183,27.0201,15.5445
compute_int_0,2,2,5000000,1071879,0.893232,52.7243,2.8805,4.4473,25.5281,14.4198
compute_int_0,2,3,10000000,1040120,0.866767,53.2393,0.8778,3.3184,27.02,15.5445
compute_int_0,2,4,15000000,1040125,0.866771,53.2397,0.8778,3.3183,27.0196,15.5446
compute_int_0,2,5,20000000,1040119,0.866766,53.2393,0.8778,3.3184,27.0201,15.5444
compute_int_0,2,6,25000000,1040064,0.86672,53.244,0.8721,3.3174,27.0199,15.5466
compute_int_0,3,1,1,1521504,0.895002,53.2393,0.8778,3.3183,27.0201,15.5445
compute_int_0,3,2,5000000,1507794,0.886938,52.7243,2.8805,4.4473,25.5281,14.4198
compute_int_0,3,3,10000000,1521506,0.895004,53.2393,0.8778,3.3184,27.02,15.5445
compute_int_0,3,4,15000000,1521507,0.895004,53.2397,0.8778,3.3183,27.0196,15.5446
compute_int_0,3,5,20000000,1521508,0.895005,53.2393,0.8778,3.3184,27.0201,15.5444
compute_int_0,3,6,25000000,1521521,0.895012,53.244,0.8721,3.3174,27.0199,15.5466
compute_int_0,4,1,1,1529204,0.849558,53.2393,0.8778,3.3183,27.0201,15.5445
compute_int_0,4,2,5000000,1533926,0.852181,52.7243,2.8805,4.4473,25.5281,14.4198
compute_int_0,4,3,10000000,1529206,0.849559,53.2393,0.8778,3.3184,27.02,15.5445
compute_int_0,4,4,15000000,1529207,0.849559,53.2397,0.8778,3.3183,27.0196,15.5446
compute_int_0,4,5,20000000,1529208,0.84956,53.2393,0.8778,3.3184,27.0201,15.5444
compute_int_0,4,6,25000000,1529171,0.849539,53.244,0.8721,3.3174,27.0199,15.5466
srv_0,1,1,1,1212370,1.21237,47.5764,0.4487,18.7246,22.9315,10.3188
srv_0,1,2,5000000,1188058,1.18806,47.9605,0.7024,18.2051,22.8653,10.2667
srv_0,1,3,10000000,1201884,1.20188,47.7866,0.5066,18.488,22.8909,10.3279
srv_0,1,4,15000000,1195104,1.1951,47.6417,0.6309,18.4237,22.928,10.3757
srv_0,1,5,20000000,1218010,1.21801,47.5779,0.4046,18.7975,22.9112,10.3088
srv_0,1,6,25000000,1215540,1.21554,47.5057,0.4098,18.7701,22.967,10.3474
srv_0,2,1,1,1215731,1.01311,47.5764,0.4487,18.7246,22.9315,10.3188
srv_0,2,2,5000000,1193362,0.994468,47.9605,0.7024,18.2051,22.8653,10.2667
srv_0,2,3,10000000,1205611,1.00468,47.7866,0.5066,18.488,22.8909,10.3279
srv_0,2,4,15000000,1199986,0.999988,47.6417,0.6309,18.4237,22.928,10.3757
srv_0,2,5,20000000,1221088,1.01757,47.5779,0.4046,18.7975,22.9112,10.3088
srv_0,2,6,25000000,1218643,1.01554,47.5057,0.4098,18.7701,22.967,10.3474
srv_0,3,1,1,1572439,0.924964,47.5764,0.4487,18.7246,22.9315,10.3188
srv_0,3,2,5000000,1537642,0.904495,47.9605,0.7024,18.2051,22.8653,10.2667
srv_0,3,3,10000000,1557717,0.916304,47.7866,0.5066,18.488,22.8909,10.3279
srv_0,3,4,15000000,1547345,0.910203,47.6417,0.6309,18.4237,22.928,10.3757
srv_0,3,5,20000000,1579906,0.929356,47.5779,0.4046,18.7975,22.9112,10.3088
srv_0,3,6,25000000,1577166,0.927745,47.5057,0.4098,18.7701,22.967,10.3474
srv_0,4,1,1,1575065,0.875036,47.5764,0.4487,18.7246,22.9315,10.3188
srv_0,4,2,5000000,1541861,0.856589,47.9605,0.7024,18.2051,22.8653,10.2667
srv_0,4,3,10000000,1560628,0.867016,47.7866,0.5066,18.488,22.8909,10.3279
srv_0,4,4,15000000,1551322,0.861846,47.6417,0.6309,18.4237,22.928,10.3757
srv_0,4,5,20000000,1582402,0.879112,47.5779,0.4046,18.7975,22.9112,10.3088
srv_0,4,6,25000000,1579686,0.877603,47.5057,0.4098,18.7701,22.967,10.3474
